
{"data":
[
  {"check":"","id":"100137","num":"100137","name":"公园路灯","type":"设备损坏","time":"2018-06-05:12:13:00","status":"未处理","oper":"1"},
  {"check":"","id":"100137","num":"100137","name":"公园路灯","type":"设备损坏","time":"2018-06-05:12:13:00","status":"未处理","oper":"1"},
  {"check":"","id":"100137","num":"100137","name":"公园路灯","type":"设备损坏","time":"2018-06-05:12:13:00","status":"未处理","oper":"1"},
  {"check":"","id":"100137","num":"100137","name":"公园路灯","type":"设备损坏","time":"2018-06-05:12:13:00","status":"未处理","oper":"1"},
  {"check":"","id":"100137","num":"100137","name":"公园路灯","type":"设备损坏","time":"2018-06-05:12:13:00","status":"未处理","oper":"1"},
  {"check":"","id":"100137","num":"100137","name":"公园路灯","type":"设备损坏","time":"2018-06-05:12:13:00","status":"未处理","oper":"1"},
  {"check":"","id":"100137","num":"100137","name":"公园路灯","type":"设备损坏","time":"2018-06-05:12:13:00","status":"未处理","oper":"1"},
  {"check":"","id":"100137","num":"100137","name":"公园路灯","type":"设备损坏","time":"2018-06-05:12:13:00","status":"未处理","oper":"1"},
  {"check":"","id":"100137","num":"100137","name":"公园路灯","type":"设备损坏","time":"2018-06-05:12:13:00","status":"未处理","oper":"1"},
  {"check":"","id":"100137","num":"100137","name":"公园路灯","type":"设备损坏","time":"2018-06-05:12:13:00","status":"未处理","oper":"1"},
  {"check":"","id":"100137","num":"100137","name":"公园路灯","type":"设备损坏","time":"2018-06-05:12:13:00","status":"未处理","oper":"1"},
  {"check":"","id":"100137","num":"100137","name":"公园路灯","type":"设备损坏","time":"2018-06-05:12:13:00","status":"未处理","oper":"1"},
  {"check":"","id":"100137","num":"100137","name":"公园路灯","type":"设备损坏","time":"2018-06-05:12:13:00","status":"未处理","oper":"1"},
  {"check":"","id":"100137","num":"100137","name":"公园路灯","type":"设备损坏","time":"2018-06-05:12:13:00","status":"未处理","oper":"1"}



]}