
{"data":
[
  {"check":"","id":"100137","num":"100137","name":"公园路灯","type":"公园路灯","time":"12:13:00","time01":"12:13:00","local":"高新区","oper":"1"},
  {"check":"","id":"100137","num":"100137","name":"公园路灯","type":"公园路灯","time":"12:13:00","time01":"12:13:00","local":"高新区","oper":"1"},
  {"check":"","id":"100137","num":"100137","name":"公园路灯","type":"公园路灯","time":"12:13:00","time01":"12:13:00","local":"高新区","oper":"1"},
  {"check":"","id":"100137","num":"100137","name":"公园路灯","type":"公园路灯","time":"12:13:00","time01":"12:13:00","local":"高新区","oper":"1"},
  {"check":"","id":"100137","num":"100137","name":"公园路灯","type":"公园路灯","time":"12:13:00","time01":"12:13:00","local":"高新区","oper":"1"},
  {"check":"","id":"100137","num":"100137","name":"公园路灯","type":"公园路灯","time":"12:13:00","time01":"12:13:00","local":"高新区","oper":"1"},
  {"check":"","id":"100137","num":"100137","name":"公园路灯","type":"公园路灯","time":"12:13:00","time01":"12:13:00","local":"高新区","oper":"1"},
  {"check":"","id":"100137","num":"100137","name":"公园路灯","type":"公园路灯","time":"12:13:00","time01":"12:13:00","local":"高新区","oper":"1"},
  {"check":"","id":"100137","num":"100137","name":"公园路灯","type":"公园路灯","time":"12:13:00","time01":"12:13:00","local":"高新区","oper":"1"},
  {"check":"","id":"100137","num":"100137","name":"公园路灯","type":"公园路灯","time":"12:13:00","time01":"12:13:00","local":"高新区","oper":"1"},
  {"check":"","id":"100137","num":"100137","name":"公园路灯","type":"公园路灯","time":"12:13:00","time01":"12:13:00","local":"高新区","oper":"1"},
  {"check":"","id":"100137","num":"100137","name":"公园路灯","type":"公园路灯","time":"12:13:00","time01":"12:13:00","local":"高新区","oper":"1"},
  {"check":"","id":"100137","num":"100137","name":"公园路灯","type":"公园路灯","time":"12:13:00","time01":"12:13:00","local":"高新区","oper":"1"}



]}