
{"data":
[
  {"check":"","id":"100137","name":"路灯开关计划","num":"DATA-1920","url":"G2009","status":"启用","time":"20:00-08:00","low":"一个月","oper":"1"},
  {"check":"","id":"100137","name":"路灯开关计划","num":"DATA-1920","url":"G2009","status":"启用","time":"20:00-08:00","low":"一个月","oper":"1"},{"check":"","id":"100137","name":"路灯开关计划","num":"DATA-1920","url":"G2009","status":"未启用","time":"20:00-08:00","low":"一个月","oper":"1"},{"check":"","id":"100137","name":"路灯开关计划","num":"DATA-1920","url":"G2009","status":"启用","time":"20:00-08:00","low":"一个月","oper":"1"},{"check":"","id":"100137","name":"路灯开关计划","num":"DATA-1920","url":"G2009","status":"启用","time":"20:00-08:00","low":"一个月","oper":"1"},{"check":"","id":"100137","name":"路灯开关计划","num":"DATA-1920","url":"G2009","status":"启用","time":"20:00-08:00","low":"一个月","oper":"1"},{"check":"","id":"100137","name":"路灯开关计划","num":"DATA-1920","url":"G2009","status":"启用","time":"20:00-08:00","low":"一个月","oper":"1"},{"check":"","id":"100137","name":"路灯开关计划","num":"DATA-1920","url":"G2009","status":"启用","time":"20:00-08:00","low":"一个月","oper":"1"},{"check":"","id":"100137","name":"路灯开关计划","num":"DATA-1920","url":"G2009","status":"启用","time":"20:00-08:00","low":"一个月","oper":"1"},{"check":"","id":"100137","name":"路灯开关计划","num":"DATA-1920","url":"G2009","status":"启用","time":"20:00-08:00","low":"一个月","oper":"1"},{"check":"","id":"100137","name":"路灯开关计划","num":"DATA-1920","url":"G2009","status":"启用","time":"20:00-08:00","low":"一个月","oper":"1"},{"check":"","id":"100137","name":"路灯开关计划","num":"DATA-1920","url":"G2009","status":"启用","time":"20:00-08:00","low":"一个月","oper":"1"}


]}