
{"data":
[
  {"check":"","id":"100137","name":"公园路灯","type":"DATA-1920","url":"桂溪公园中心湖","status":"在线","status01":"可用","low":"60伏","light":"100伏","oper":"1"},
  {"check":"","id":"100137","name":"公园路灯","type":"DATA-1920","url":"桂溪公园中心湖","status":"在线","status01":"可用","low":"60伏","light":"100伏","oper":"1"},
  {"check":"","id":"100137","name":"公园路灯","type":"DATA-1920","url":"桂溪公园中心湖","status":"不在线","status01":"可用","low":"60伏","light":"100伏","oper":"1"},
  {"check":"","id":"100137","name":"公园路灯","type":"DATA-1920","url":"桂溪公园中心湖","status":"在线","status01":"不可用","low":"60伏","light":"100伏","oper":"1"},
  {"check":"","id":"100137","name":"公园路灯","type":"DATA-1920","url":"桂溪公园中心湖","status":"在线","status01":"可用","low":"60伏","light":"100伏","oper":"1"},
  {"check":"","id":"100137","name":"公园路灯","type":"DATA-1920","url":"桂溪公园中心湖","status":"在线","status01":"不可用","low":"60伏","light":"100伏","oper":"1"},
  {"check":"","id":"100137","name":"公园路灯","type":"DATA-1920","url":"桂溪公园中心湖","status":"在线","status01":"可用","low":"60伏","light":"100伏","oper":"1"},
  {"check":"","id":"100137","name":"公园路灯","type":"DATA-1920","url":"桂溪公园中心湖","status":"在线","status01":"可用","low":"60伏","light":"100伏","oper":"1"},
  {"check":"","id":"100137","name":"公园路灯","type":"DATA-1920","url":"桂溪公园中心湖","status":"在线","status01":"可用","low":"60伏","light":"100伏","oper":"1"},
  {"check":"","id":"100137","name":"公园路灯","type":"DATA-1920","url":"桂溪公园中心湖","status":"在线","status01":"可用","low":"60伏","light":"100伏","oper":"1"},
  {"check":"","id":"100137","name":"公园路灯","type":"DATA-1920","url":"桂溪公园中心湖","status":"在线","status01":"可用","low":"60伏","light":"100伏","oper":"1"}



]}