
{"data":
[
  {"check":"","id":"100137","name":"公园路灯","type":"DATA-1920","url":"桂溪公园中心湖","xy":"130,356","low":"天华路路灯组","light":"高新区","oper":"1"},
  {"check":"","id":"100137","name":"公园路灯","type":"DATA-1920","url":"桂溪公园中心湖","xy":"130,356","low":"天华路路灯组","light":"高新区","oper":"1"},
  {"check":"","id":"100137","name":"公园路灯","type":"DATA-1920","url":"桂溪公园中心湖","xy":"130,356","low":"天华路路灯组","light":"高新区","oper":"1"},
  {"check":"","id":"100137","name":"公园路灯","type":"DATA-1920","url":"桂溪公园中心湖","xy":"130,356","low":"天华路路灯组","light":"高新区","oper":"1"},
  {"check":"","id":"100137","name":"公园路灯","type":"DATA-1920","url":"桂溪公园中心湖","xy":"130,356","low":"天华路路灯组","light":"高新区","oper":"1"},
  {"check":"","id":"100137","name":"公园路灯","type":"DATA-1920","url":"桂溪公园中心湖","xy":"130,356","low":"天华路路灯组","light":"高新区","oper":"1"},
  {"check":"","id":"100137","name":"公园路灯","type":"DATA-1920","url":"桂溪公园中心湖","xy":"130,356","low":"天华路路灯组","light":"高新区","oper":"1"},
  {"check":"","id":"100137","name":"公园路灯","type":"DATA-1920","url":"桂溪公园中心湖","xy":"130,356","low":"天华路路灯组","light":"高新区","oper":"1"},
  {"check":"","id":"100137","name":"公园路灯","type":"DATA-1920","url":"桂溪公园中心湖","xy":"130,356","low":"天华路路灯组","light":"高新区","oper":"1"},
  {"check":"","id":"100137","name":"公园路灯","type":"DATA-1920","url":"桂溪公园中心湖","xy":"130,356","low":"天华路路灯组","light":"高新区","oper":"1"},
  {"check":"","id":"100137","name":"公园路灯","type":"DATA-1920","url":"桂溪公园中心湖","xy":"130,356","low":"天华路路灯组","light":"高新区","oper":"1"},
  {"check":"","id":"100137","name":"公园路灯","type":"DATA-1920","url":"桂溪公园中心湖","xy":"130,356","low":"天华路路灯组","light":"高新区","oper":"1"},
  {"check":"","id":"100137","name":"公园路灯","type":"DATA-1920","url":"桂溪公园中心湖","xy":"130,356","low":"天华路路灯组","light":"高新区","oper":"1"},
  {"check":"","id":"100137","name":"公园路灯","type":"DATA-1920","url":"桂溪公园中心湖","xy":"130,356","low":"天华路路灯组","light":"高新区","oper":"1"},
  {"check":"","id":"100137","name":"公园路灯","type":"DATA-1920","url":"桂溪公园中心湖","xy":"130,356","low":"天华路路灯组","light":"高新区","oper":"1"}



]}